cgpa,internships,projects,workshops_certifications,aptitude_test_score,soft_skills_rating,extra_curricular_activities,placement_training,ssc_marks,hsc_marks,n_job_applications,personality_type,student_id
8.25,1,3,2,73,4.24,Yes,Yes,81,63,24,4,10079
7.5,1,1,0,72,3.7,No,Yes,56,68,4,2,3743
8.01,1,1,2,80,4.52,Yes,Yes,75,76,3,2,10069
8.4,2,3,2,90,4.8,Yes,Yes,84,83,3,3,5724
8.6,0,2,2,83,3.9,Yes,Yes,70,85,4,1,8988
6.5,2,3,2,66,4.7,Yes,No,67,65,10,2,6523
6.5,1,1,0,70,4.4,No,Yes,74,72,22,2,3150
7.8,1,2,0,78,4.8,No,Yes,57,74,25,2,2877
7.5,1,1,1,73,3.6,No,Yes,56,62,27,2,5915
8.0,1,2,1,80,4.7,Yes,Yes,70,81,25,2,7745
8.1,1,2,2,74,4.4,Yes,Yes,79,86,8,4,5701
7.9,1,1,0,83,4.8,Yes,Yes,89,85,25,4,4690
7.7,1,2,2,88,4.6,Yes,Yes,77,72,6,4,1781
7.5,1,2,0,78,3.4,Yes,Yes,55,65,14,2,8905
7.6,1,3,1,86,4.6,Yes,Yes,79,82,16,2,4360
8.3,2,3,2,90,4.8,Yes,Yes,79,88,21,3,7733
7.6,2,2,1,71,4.0,Yes,Yes,61,66,18,2,3795
8.2,2,3,2,90,4.7,Yes,No,75,85,12,3,3371
6.7,1,1,0,60,4.0,No,No,61,62,13,2,6014
8.0,1,3,2,77,4.5,Yes,Yes,79,71,8,2,5804
6.9,0,1,0,79,4.8,Yes,No,62,67,27,1,8779
6.9,2,3,3,86,4.8,Yes,Yes,73,82,18,2,9078
7.4,1,2,2,77,4.6,Yes,Yes,66,83,15,4,3054
8.2,1,3,2,88,4.4,Yes,No,74,84,14,2,3289
8.5,2,3,2,90,4.7,No,Yes,76,82,23,3,2590
8.3,1,3,2,90,4.7,Yes,Yes,69,80,8,4,8058
7.4,0,1,0,76,3.7,No,Yes,62,68,8,1,4588
8.6,1,2,2,75,4.3,Yes,Yes,62,80,18,4,34
6.5,2,2,0,77,3.8,No,No,59,57,24,2,6389
7.6,1,1,1,71,4.1,Yes,Yes,62,79,26,2,7195
8.4,0,3,0,90,4.8,Yes,Yes,80,82,18,4,8378
8.3,1,3,1,89,4.8,Yes,Yes,79,84,3,4,4817
8.6,2,3,3,87,4.7,Yes,Yes,70,86,29,3,901
8.1,2,3,2,90,4.8,Yes,Yes,86,85,20,3,766
7.5,1,2,0,82,4.1,No,No,64,61,8,2,7551
6.7,1,1,1,65,4.0,No,Yes,64,61,30,2,734
7.5,0,2,1,80,4.7,No,Yes,82,82,8,4,5910
7.5,1,1,1,71,4.3,No,No,57,68,21,2,569
8.4,1,3,2,90,4.8,Yes,Yes,80,87,22,4,1255
8.5,1,3,0,83,4.6,Yes,Yes,85,83,30,4,9602
6.9,2,3,1,77,4.3,Yes,Yes,55,81,20,2,3616
8.6,2,3,2,90,4.8,Yes,Yes,89,84,5,3,8354
7.9,1,3,2,66,4.1,No,No,55,58,14,2,5318
6.7,0,3,2,88,4.2,Yes,Yes,72,86,19,4,40
6.5,0,3,0,85,4.3,No,No,55,70,16,1,9202
7.4,2,2,2,87,4.0,Yes,Yes,79,84,4,2,3393
8.1,2,3,2,90,4.8,Yes,Yes,82,81,9,3,5441
7.7,0,1,0,70,3.7,No,No,71,70,13,4,3929
7.7,1,1,0,80,4.3,No,Yes,77,68,19,4,1414
7.3,2,3,0,90,4.4,No,Yes,55,85,10,2,5290
8.4,1,2,2,86,4.8,Yes,Yes,81,87,6,4,9748
6.8,0,2,0,73,4.2,Yes,Yes,81,67,4,1,9161
8.2,1,3,2,86,4.6,Yes,No,83,82,12,4,5182
7.8,1,1,2,75,4.1,No,Yes,55,82,21,2,5124
7.4,1,1,0,83,4.4,No,Yes,55,71,19,2,6422
8.1,2,1,2,89,4.8,Yes,Yes,83,86,14,3,9437
8.6,1,3,1,85,4.8,Yes,No,73,86,27,2,3127
6.5,0,1,1,81,4.1,No,No,71,69,7,1,8841
7.7,0,1,0,73,3.6,No,No,55,65,26,1,1958
7.9,1,2,1,81,4.8,No,Yes,74,65,10,2,8970
7.9,2,3,1,90,4.0,Yes,Yes,82,75,6,2,1184
7.4,1,1,0,60,3.8,No,No,55,63,10,2,9104
8.3,1,1,1,77,3.4,No,No,58,63,11,2,4348
6.5,1,1,0,68,4.3,No,Yes,55,70,22,2,252
8.5,2,2,0,88,4.8,Yes,No,82,77,20,2,1473
6.8,1,2,0,74,4.3,No,Yes,55,67,8,2,6224
7.3,1,2,0,72,4.3,No,Yes,56,66,30,2,5358
7.5,1,1,0,64,4.0,No,No,73,66,8,2,97
7.4,1,1,1,79,4.4,Yes,Yes,66,65,8,2,7809
7.2,1,2,1,76,4.1,No,No,73,65,3,2,4793
6.5,0,1,1,60,4.1,No,No,55,66,26,1,6484
7.2,2,3,2,90,4.8,Yes,Yes,90,82,16,2,4170
7.8,1,1,0,63,4.4,No,Yes,55,68,5,2,2393
6.5,1,1,2,68,3.5,No,No,76,61,26,2,2445
7.7,1,1,1,73,4.4,Yes,Yes,82,81,4,2,4885
6.5,1,1,1,78,4.0,No,No,55,66,20,2,1609
6.5,0,1,0,82,4.4,No,No,65,69,13,1,108
7.5,2,3,2,87,4.7,Yes,Yes,86,83,29,2,9878
7.5,1,2,0,75,3.7,Yes,Yes,67,70,28,2,1218
7.7,1,3,0,74,4.3,Yes,Yes,75,86,18,2,7493
8.4,2,3,2,80,4.6,Yes,Yes,72,79,24,3,304
6.7,1,2,0,82,4.7,Yes,Yes,71,87,15,4,9240
7.5,2,3,0,88,4.6,Yes,Yes,72,86,13,2,2475
7.3,1,1,1,73,4.0,No,Yes,55,67,14,2,2336
7.9,0,3,1,86,4.6,Yes,No,77,80,10,4,1072
8.6,0,3,1,77,4.8,Yes,Yes,82,83,20,1,1513
8.0,2,3,3,76,4.1,Yes,Yes,78,61,18,2,170
7.5,1,2,1,79,4.7,Yes,Yes,78,66,24,2,1627
8.2,0,1,0,76,4.3,No,No,77,64,21,1,6005
8.1,2,3,2,86,4.5,Yes,Yes,80,86,3,2,5326
6.5,2,3,1,84,4.7,Yes,Yes,85,83,30,2,577
8.2,2,3,2,90,4.8,Yes,Yes,77,88,12,3,4048
8.6,1,2,1,78,4.3,Yes,Yes,70,67,30,4,8753
8.3,2,3,2,90,4.4,Yes,Yes,78,87,9,3,8141
7.1,0,3,2,90,4.8,Yes,Yes,74,87,7,4,6146
8.2,2,3,2,90,4.1,Yes,Yes,71,86,15,3,1651
6.5,1,2,0,81,4.1,Yes,Yes,56,81,9,2,7518
6.9,1,1,1,79,3.5,No,No,57,64,24,2,1731
7.9,1,3,2,90,4.5,Yes,Yes,87,85,21,4,8601
6.9,0,2,2,75,4.3,Yes,Yes,55,70,10,1,7064
7.5,1,1,1,61,4.4,No,Yes,55,71,30,2,5285
6.6,1,2,0,83,4.0,No,Yes,58,70,24,2,9730
7.5,2,3,1,79,4.4,Yes,Yes,68,71,29,2,7741
9.28,2,3,1,78,4.53,Yes,Yes,94,74,27,3,10031
7.8,1,1,1,72,4.6,Yes,Yes,60,60,14,2,9024
7.6,2,3,2,81,4.0,Yes,Yes,67,69,11,2,2192
7.6,1,1,2,87,4.1,Yes,Yes,79,67,18,4,4152
8.5,2,3,2,86,4.7,Yes,No,76,80,6,2,2974
7.3,0,1,0,75,3.4,No,No,55,70,3,1,7876
6.5,1,2,1,82,4.0,No,Yes,55,62,18,2,2488
6.7,2,1,0,78,4.4,No,Yes,56,62,12,2,7672
7.8,1,1,0,82,4.2,No,Yes,75,71,6,2,501
8.4,2,3,2,90,4.8,Yes,Yes,71,87,24,2,938
7.6,1,1,0,89,4.2,No,Yes,55,68,14,2,2626
7.1,1,1,1,66,4.2,No,No,55,65,25,2,4605
7.4,1,2,0,76,4.4,Yes,Yes,55,73,3,2,6018
6.6,2,2,2,71,3.6,No,No,63,69,30,2,4788
6.5,0,1,0,67,4.3,Yes,No,81,63,17,4,440
7.8,0,1,0,63,4.2,No,Yes,56,70,28,1,7552
8.4,1,1,0,72,3.9,Yes,No,60,82,19,2,625
7.6,2,1,1,66,3.4,No,No,56,74,18,2,1509
7.1,0,1,1,72,4.4,No,Yes,55,73,17,1,9346
7.4,1,2,1,76,4.4,Yes,Yes,79,70,6,2,8766
7.2,1,1,1,73,3.6,No,No,56,65,4,4,2535
8.4,1,3,2,90,4.8,Yes,Yes,82,87,26,4,8889
7.6,0,3,2,85,3.8,Yes,No,79,83,27,1,656
7.6,0,1,0,64,3.7,No,No,62,68,28,1,3413
7.5,1,2,0,66,4.2,No,Yes,55,65,19,2,7355
7.9,1,2,2,75,4.6,Yes,Yes,71,85,11,2,519
7.7,1,1,1,64,3.9,No,No,58,66,7,2,4990
7.8,0,3,0,90,4.7,Yes,Yes,72,69,24,4,347
7.7,0,1,0,73,4.3,Yes,No,55,57,29,4,5131
8.2,1,3,2,90,3.6,Yes,Yes,75,80,17,4,2305
8.4,1,3,0,83,4.8,Yes,Yes,77,85,20,4,2139
7.5,1,1,2,82,4.5,Yes,Yes,77,84,11,4,316
8.6,2,2,1,78,4.8,Yes,No,80,82,20,2,9364
6.7,1,1,0,82,3.9,No,Yes,66,66,23,4,674
6.7,1,2,1,85,4.4,No,Yes,55,71,10,2,2997
7.9,2,3,2,83,4.5,Yes,Yes,66,80,26,2,9639
6.5,1,1,1,83,3.8,Yes,No,72,72,13,4,3353
7.5,1,1,2,75,3.5,Yes,Yes,55,64,12,2,484
7.7,1,1,0,71,4.2,No,Yes,70,71,13,2,1684
6.6,1,3,2,79,4.6,Yes,Yes,78,75,16,4,8883
7.1,1,1,0,63,4.2,No,Yes,55,69,10,2,9051
8.2,2,1,2,90,4.6,Yes,Yes,74,79,19,3,7611
6.8,1,1,1,71,4.3,No,Yes,55,62,16,2,8912
6.9,1,2,1,70,4.1,No,No,60,64,22,2,1124
7.5,1,1,0,68,3.6,No,Yes,69,62,11,2,5577
7.6,1,1,0,73,3.1,No,Yes,55,61,28,2,6267
7.4,2,3,3,86,4.2,Yes,Yes,60,75,22,2,1596
8.3,0,1,1,72,3.5,No,No,60,71,19,1,762
6.5,0,1,2,89,3.8,No,No,72,72,15,4,8665
7.9,0,1,0,79,4.4,Yes,No,55,85,21,1,8350
7.4,0,1,1,70,4.3,No,Yes,55,69,15,1,7497
7.6,1,1,0,74,4.1,No,Yes,55,64,5,2,2030
8.0,2,3,2,90,4.8,Yes,Yes,85,83,15,2,6836
6.7,0,1,0,74,4.2,Yes,Yes,55,68,21,1,3964
6.5,1,1,1,70,4.1,No,No,65,66,12,2,7499
8.2,1,3,1,83,4.1,Yes,Yes,77,83,11,2,260
7.6,1,2,0,65,4.8,Yes,Yes,73,85,29,2,3095
6.6,1,2,0,71,3.8,Yes,Yes,56,86,17,2,953
8.2,2,2,2,90,4.8,Yes,Yes,89,84,18,3,9818
8.2,2,3,2,84,4.8,Yes,Yes,75,83,3,3,4056
8.6,1,3,2,85,4.8,Yes,Yes,78,85,23,4,7287
8.5,2,3,1,90,4.8,Yes,Yes,78,82,6,2,312
8.2,2,3,2,86,4.5,Yes,Yes,87,63,25,3,4694
8.6,1,2,0,77,4.7,No,Yes,55,68,4,4,2129
8.3,1,1,1,70,4.3,No,No,58,67,20,2,7208
7.5,1,1,0,70,4.3,No,Yes,55,71,13,2,933
7.4,1,2,1,76,4.7,No,Yes,66,69,24,2,32
7.8,1,1,1,67,4.3,No,No,65,73,16,2,36
8.3,1,3,2,90,4.8,Yes,Yes,79,80,16,4,6097
7.1,1,2,2,74,4.3,Yes,Yes,55,66,12,2,6557
8.5,2,3,2,90,4.8,Yes,Yes,71,87,15,3,9229
7.5,1,3,1,77,4.8,No,Yes,69,73,10,4,6602
7.7,0,1,1,85,4.4,No,Yes,61,65,24,4,8787
7.6,1,1,0,71,4.0,Yes,Yes,69,88,16,2,6129
7.5,2,2,0,73,3.3,No,No,55,62,7,2,3379
6.5,1,1,1,85,3.9,No,No,79,63,30,2,5383
7.5,1,1,1,79,3.2,No,Yes,61,65,3,2,2819
8.2,2,3,2,90,4.8,Yes,Yes,84,87,20,3,4050
6.8,1,3,0,61,4.3,No,No,59,68,4,2,8222
7.4,1,1,0,71,3.9,No,No,57,72,30,2,6395
7.5,2,1,1,75,4.8,No,No,62,62,11,2,9285
8.6,1,3,1,88,4.8,Yes,Yes,80,81,21,4,3521
7.3,1,2,1,74,3.9,No,Yes,55,82,22,2,6729
6.5,0,2,0,87,3.3,No,No,60,67,23,1,5307
8.6,1,1,2,84,4.3,Yes,Yes,57,82,9,4,296
7.4,1,1,2,84,4.7,Yes,Yes,80,75,30,4,2725
6.8,0,1,0,60,3.9,No,No,67,61,19,1,7768
6.6,1,1,1,69,3.6,No,Yes,55,72,4,2,81
7.6,2,1,0,73,4.0,No,Yes,82,75,14,2,5585
8.5,2,3,2,90,4.8,Yes,Yes,81,85,11,3,1954
7.7,2,2,1,74,4.6,No,No,61,64,13,2,3394
6.7,1,1,0,80,3.8,No,Yes,62,64,8,2,8858
8.4,2,3,2,90,4.8,Yes,Yes,84,86,22,3,4011
6.5,1,2,0,78,3.8,No,No,56,85,9,2,6728
6.6,1,1,0,73,3.9,No,No,63,62,10,2,1311
7.3,0,2,1,69,4.1,No,Yes,63,67,20,1,9924
8.3,2,3,2,89,4.8,Yes,No,82,84,12,3,8266
7.4,1,2,1,75,4.2,No,Yes,55,74,6,2,120
6.5,1,1,1,75,4.0,No,Yes,60,67,25,2,3890
7.7,1,1,0,74,3.3,No,Yes,57,73,4,2,4780
7.94,2,1,2,76,4.23,Yes,Yes,86,88,9,2,10105
7.7,1,1,1,68,3.8,No,No,57,69,29,2,3209
7.4,1,3,1,84,4.5,Yes,Yes,81,73,9,4,8828
7.6,1,2,0,70,3.7,Yes,Yes,63,71,8,4,8480
8.5,2,1,0,79,4.8,Yes,No,55,72,15,3,4973
8.6,2,3,2,90,4.5,Yes,Yes,79,84,19,3,7582
8.2,1,1,0,79,4.5,Yes,Yes,81,63,5,4,3539
8.2,2,3,2,90,4.5,Yes,Yes,90,67,11,3,2516
8.5,2,1,0,83,4.7,No,Yes,70,71,15,2,7882
8.3,0,2,0,70,4.1,No,Yes,55,72,14,1,2190
8.5,0,3,0,84,4.5,Yes,Yes,73,65,30,4,5730
8.4,2,3,2,90,4.7,Yes,Yes,78,82,20,3,3870
8.0,0,3,2,90,4.8,Yes,Yes,80,85,19,4,7723
8.5,0,3,2,90,4.8,Yes,Yes,87,85,26,4,1146
7.0,1,2,1,75,4.7,Yes,Yes,55,70,30,2,1454
7.7,1,1,2,83,4.5,Yes,Yes,71,82,19,4,7710
7.4,0,1,1,90,4.8,Yes,Yes,71,69,14,1,2320
6.5,1,1,0,75,3.9,No,No,59,82,10,2,3351
8.5,1,3,0,74,4.3,Yes,Yes,78,62,20,4,2961
8.1,2,3,0,75,3.5,Yes,Yes,70,64,22,2,4519
7.5,1,1,0,65,3.5,No,Yes,55,73,11,2,1459
8.2,0,3,2,90,4.8,Yes,Yes,79,80,22,4,305
7.7,1,1,2,71,4.0,No,Yes,56,64,13,2,9085
8.5,2,3,1,85,4.3,Yes,Yes,88,80,30,3,322
7.2,2,1,1,78,4.3,Yes,Yes,90,63,7,2,3398
8.2,1,3,2,90,4.7,Yes,Yes,76,86,28,4,5387
8.1,2,3,2,90,4.6,Yes,Yes,77,81,22,3,4769
8.1,0,3,2,77,4.8,No,No,62,81,5,1,8313
8.1,2,3,0,84,4.8,Yes,Yes,71,88,5,3,1544
7.5,0,1,1,70,4.3,No,No,64,66,30,1,2046
6.9,1,1,0,68,4.7,Yes,Yes,60,63,7,2,1356
6.7,1,1,1,68,4.3,No,No,55,60,25,2,622
7.7,1,1,1,75,4.6,No,Yes,72,75,18,2,2253
8.5,2,3,2,90,4.8,Yes,Yes,85,86,26,3,8087
7.0,1,2,0,72,4.1,No,Yes,71,73,29,2,2685
8.6,2,2,2,81,4.8,Yes,Yes,78,81,11,3,4851
8.0,2,3,2,90,4.8,Yes,Yes,84,83,30,2,9810
6.9,0,3,2,78,4.3,Yes,Yes,84,73,27,4,3402
7.8,2,2,1,65,4.8,No,Yes,55,73,11,2,2158
8.3,2,2,2,89,4.0,Yes,Yes,78,85,22,3,5357
8.2,1,3,2,89,4.4,Yes,Yes,73,69,8,4,3910
8.3,2,3,1,83,4.5,Yes,Yes,80,84,19,3,6856
6.8,1,1,0,71,4.5,No,No,63,69,15,2,4229
6.5,1,3,0,72,4.6,Yes,Yes,85,69,26,4,5995
8.4,1,3,1,75,4.3,Yes,No,73,73,30,2,7002
7.5,1,3,2,78,4.6,Yes,Yes,72,86,27,4,3746
8.3,2,3,2,90,4.8,Yes,Yes,81,87,22,3,1023
8.9,2,3,2,80,4.4,Yes,Yes,64,74,17,3,6383
7.9,1,1,0,70,4.3,Yes,Yes,73,68,27,2,7270
6.5,1,2,1,69,4.1,No,Yes,72,60,28,2,3210
6.5,1,3,0,83,4.8,Yes,No,87,81,30,2,3072
6.5,2,1,0,69,3.7,No,No,55,68,19,2,7583
7.9,1,1,0,75,4.3,No,No,75,75,14,4,8084
8.5,0,3,0,81,4.1,No,No,73,75,15,1,3603
7.5,0,1,2,73,3.9,No,Yes,55,67,17,4,5334
8.0,1,3,2,86,4.8,Yes,No,84,85,27,4,2255
7.6,1,2,0,64,4.5,No,Yes,62,63,14,2,374
7.5,0,2,1,64,3.7,No,No,55,63,16,1,9357
7.6,0,2,0,77,3.7,Yes,Yes,72,80,16,4,1834
7.2,0,1,0,70,3.5,No,No,58,69,16,1,8689
7.7,0,2,0,81,4.2,No,Yes,75,60,9,1,2520
7.9,1,1,0,78,3.9,Yes,Yes,82,62,22,2,3609
7.5,0,3,0,78,4.2,No,Yes,79,69,28,4,1594
8.2,2,3,2,88,4.8,Yes,Yes,65,83,11,3,1703
8.6,2,3,2,90,4.8,Yes,Yes,88,87,5,3,6563
6.6,2,1,0,74,4.3,No,Yes,56,73,29,2,8447
8.2,0,3,0,90,4.5,Yes,No,88,77,29,1,2767
7.6,1,3,0,80,4.7,Yes,Yes,77,84,12,4,6735
8.1,2,2,0,90,4.8,Yes,Yes,76,88,6,2,2123
8.2,1,3,0,84,4.7,Yes,Yes,71,81,22,4,3474
8.3,1,1,0,89,4.5,Yes,Yes,55,70,12,2,5970
7.2,0,1,0,60,3.8,No,No,55,63,20,1,1088
7.2,1,2,0,79,4.1,No,Yes,55,64,13,2,6903
7.9,2,1,0,75,3.4,Yes,Yes,55,63,30,2,7772
6.7,1,1,0,71,4.3,No,Yes,57,60,14,4,2949
8.6,1,1,1,83,3.0,No,No,55,72,13,2,6391
7.6,1,1,0,69,3.4,Yes,Yes,73,59,15,2,6111
6.5,0,1,0,78,3.9,No,No,64,67,15,1,1108
8.0,0,3,1,83,3.7,No,Yes,59,81,25,1,6278
7.5,1,1,0,78,4.7,Yes,Yes,73,87,3,2,3881
7.8,1,1,1,65,3.7,No,No,55,64,19,2,5478
7.9,1,3,1,76,3.8,Yes,No,68,65,26,2,5428
6.5,1,3,0,83,4.3,Yes,Yes,74,62,14,2,9637
8.5,2,3,2,90,4.8,Yes,Yes,80,83,21,3,9601
7.4,1,1,1,75,4.2,No,Yes,65,65,18,2,714
7.6,0,1,1,70,3.9,No,Yes,61,71,4,1,5747
8.4,2,2,0,90,4.1,Yes,Yes,76,78,9,2,4719
6.8,0,2,1,71,4.0,No,No,58,70,25,1,3544
7.5,1,1,0,90,4.6,No,Yes,68,73,20,2,8696
6.5,0,1,0,67,3.5,No,Yes,55,67,6,1,8132
8.2,2,3,2,90,4.8,Yes,No,76,88,22,3,8453
6.6,0,1,0,61,3.8,No,No,66,61,15,1,2827
8.4,2,1,2,86,4.4,Yes,Yes,83,81,25,3,3380
7.3,1,3,1,71,3.8,Yes,Yes,79,81,14,2,5072
8.4,2,3,2,90,4.5,Yes,Yes,73,82,17,3,4336
7.9,2,3,2,87,4.8,Yes,Yes,83,69,25,2,5719
7.7,1,2,1,76,3.7,No,Yes,72,69,24,2,8851
7.4,1,2,1,69,4.1,No,Yes,58,70,15,2,1761
6.7,0,1,0,74,4.0,No,No,60,63,20,1,8318
6.9,0,2,1,82,4.2,Yes,Yes,73,86,28,4,2013
7.6,1,1,0,83,4.1,No,No,68,63,8,2,7691
8.1,2,1,0,87,4.0,Yes,Yes,75,88,20,2,9259
7.6,1,1,0,62,4.4,No,Yes,55,74,21,2,4120
7.9,1,2,2,87,3.6,Yes,No,80,88,4,4,7874
8.5,1,3,1,89,4.6,Yes,Yes,78,82,11,2,2649
8.8,2,3,2,84,4.8,Yes,Yes,78,81,3,3,5270
8.3,1,2,1,81,4.6,Yes,Yes,68,66,24,4,5363
7.7,0,2,0,77,4.6,Yes,Yes,71,72,14,1,3132
8.0,1,2,3,74,4.0,Yes,Yes,78,83,5,4,2454
7.6,2,3,3,77,4.1,No,Yes,76,57,4,2,6740
7.6,1,1,0,74,3.8,No,No,55,72,7,2,7926
6.5,1,3,2,81,4.5,No,No,72,82,21,4,8012
7.3,1,2,1,72,4.27,No,Yes,60,67,6,2,10141
6.8,0,3,2,75,4.4,Yes,Yes,84,85,30,1,9237
8.3,1,2,3,77,4.1,No,Yes,80,81,29,4,9327
7.3,1,3,0,81,4.8,Yes,Yes,56,66,13,4,7132
7.8,1,3,1,89,4.6,Yes,Yes,73,79,6,4,336
8.0,1,2,0,78,3.8,Yes,No,79,71,23,2,1661
8.4,2,3,2,90,4.8,Yes,Yes,79,86,8,3,9543
6.6,1,2,0,77,4.1,No,Yes,55,72,23,2,1079
8.1,1,1,0,70,4.3,Yes,No,68,61,10,2,2471
7.7,1,1,0,79,4.6,No,No,88,61,13,2,4925
7.5,1,1,2,78,4.3,Yes,No,58,70,21,4,6138
8.8,2,3,2,90,4.8,Yes,Yes,80,80,3,3,971
7.8,1,1,0,79,3.8,Yes,Yes,58,61,26,2,4413
6.5,1,2,0,76,3.7,No,No,56,67,17,2,9070
7.6,0,1,2,90,4.8,No,Yes,81,77,11,4,3904
8.2,2,3,2,90,4.7,Yes,Yes,89,78,3,3,7952
8.1,2,3,3,90,4.6,Yes,Yes,77,85,16,3,3354
8.1,2,2,1,75,3.8,No,No,55,64,5,2,3239
6.7,0,1,1,74,3.9,No,No,55,70,16,1,107
7.5,1,1,1,68,4.6,Yes,Yes,59,65,6,2,5340
8.4,0,3,2,87,4.8,Yes,Yes,81,83,15,4,9626
7.6,0,1,0,78,4.3,No,Yes,71,64,26,1,1340
8.0,1,3,0,77,4.1,No,No,82,84,21,4,451
6.6,0,3,1,90,4.4,No,Yes,55,71,16,1,7738
8.7,0,3,2,90,4.8,Yes,Yes,79,85,23,4,2169
8.5,1,3,0,86,4.8,Yes,Yes,70,86,23,4,9315
8.1,2,3,1,79,4.4,Yes,Yes,79,73,6,3,9400
7.8,1,1,1,70,4.1,No,Yes,79,66,24,2,5713
8.0,2,3,2,90,4.7,Yes,Yes,74,87,16,2,7078
7.7,0,3,1,74,4.3,Yes,Yes,78,65,30,1,7739
7.6,1,2,2,70,4.5,Yes,No,55,72,23,2,3486
7.5,0,2,2,73,4.8,Yes,Yes,64,83,16,4,5703
6.5,1,1,1,72,3.5,No,No,57,66,3,2,3990
8.2,1,2,2,90,4.8,Yes,Yes,74,86,10,4,3376
7.6,0,1,1,73,4.4,No,Yes,70,67,14,1,533
8.3,2,1,1,71,3.9,No,Yes,58,66,17,2,8218
8.2,1,0,2,90,4.7,Yes,Yes,73,88,26,4,4522
8.6,1,3,2,82,4.6,Yes,Yes,75,84,19,4,9110
6.8,1,3,0,90,4.8,Yes,Yes,69,86,30,4,3873
7.4,2,2,1,72,3.5,No,No,73,69,25,2,1747
8.5,1,3,1,84,4.3,Yes,Yes,80,82,29,4,5939
7.9,2,3,2,90,4.6,Yes,Yes,83,80,17,2,9976
6.6,1,2,0,81,4.8,Yes,Yes,70,85,22,2,1442
6.7,1,1,0,79,4.1,No,Yes,56,70,28,2,5899
6.5,0,2,0,71,4.1,No,Yes,55,86,30,1,1497
7.7,0,1,1,76,4.2,No,No,56,68,13,1,9304
8.3,1,1,0,89,3.9,No,Yes,62,73,11,4,1786
8.3,0,2,2,82,4.4,No,Yes,81,67,16,1,1796
6.7,0,1,0,79,4.4,No,No,76,66,4,1,8707
7.0,0,1,1,63,3.9,No,Yes,60,61,6,1,30
7.9,0,3,1,77,4.7,Yes,No,81,63,28,1,2068
8.0,1,1,2,87,4.1,Yes,Yes,74,68,7,4,8629
9.0,0,1,1,70,3.5,Yes,No,56,61,19,4,6419
8.3,0,1,1,77,3.8,Yes,Yes,78,84,3,1,2115
8.3,1,2,2,87,4.7,Yes,Yes,78,66,22,2,9296
8.4,1,2,2,73,4.3,Yes,No,71,79,3,4,7690
6.6,2,3,2,85,4.8,Yes,Yes,79,85,22,2,6863
8.4,0,1,0,86,4.3,Yes,Yes,57,67,16,4,1738
7.7,1,1,1,82,3.8,No,No,55,71,16,2,3102
8.2,2,3,2,85,4.8,Yes,No,84,76,28,2,7938
8.5,0,1,0,82,4.5,Yes,Yes,64,63,23,1,1659
7.5,0,2,0,79,3.7,No,No,78,85,19,4,5420
8.3,2,3,2,89,4.6,No,Yes,79,86,16,2,3953
8.2,1,1,1,69,4.2,No,Yes,76,65,12,2,8063
7.0,1,2,0,77,4.1,No,Yes,66,73,28,2,8403
8.6,1,3,2,70,4.3,Yes,Yes,80,87,13,4,7041
8.1,1,3,2,90,4.8,Yes,Yes,79,84,21,4,109
7.4,0,1,0,66,3.7,No,No,55,70,21,1,3729
8.3,1,3,1,90,4.8,Yes,Yes,70,79,24,4,4177
7.7,1,3,2,83,4.8,Yes,Yes,82,82,11,4,3028
7.6,2,2,1,88,4.6,Yes,Yes,79,86,5,2,5757
8.4,2,3,2,87,4.8,Yes,No,87,87,27,3,5455
6.8,0,1,0,72,4.2,No,No,55,69,22,1,7662
7.6,1,2,2,76,4.5,Yes,Yes,82,63,14,4,8327
7.4,1,2,1,75,4.0,No,Yes,56,68,9,2,9891
8.1,1,2,2,83,4.4,Yes,Yes,85,66,17,4,3510
7.5,1,1,0,73,4.4,Yes,Yes,64,64,25,2,9958
7.5,1,1,1,65,3.9,No,Yes,55,72,12,2,9379
6.5,0,2,0,71,3.4,No,Yes,55,73,6,1,2222
6.5,1,2,1,88,4.5,Yes,Yes,72,87,29,4,3329
7.9,1,2,0,83,4.5,No,Yes,78,75,25,4,9932
7.9,1,3,0,83,4.8,No,No,76,82,25,2,2456
7.7,1,3,0,85,4.8,Yes,Yes,80,68,15,4,1569
8.2,1,3,0,80,4.3,Yes,Yes,79,68,22,4,7439
8.3,1,1,2,74,4.1,Yes,Yes,55,66,21,2,5615
8.1,2,3,0,79,4.8,Yes,Yes,70,82,29,2,7696
8.6,1,3,2,90,4.8,Yes,Yes,71,87,3,4,5903
7.3,1,3,0,89,3.8,No,No,79,71,21,2,1982
8.4,1,3,0,86,4.7,Yes,Yes,79,84,23,4,7235
8.3,2,2,0,89,4.8,Yes,Yes,79,82,11,2,5666
8.3,2,3,2,81,4.1,Yes,No,82,79,4,3,4206
8.4,1,2,2,81,4.6,Yes,Yes,68,81,6,2,9940
8.3,2,3,2,79,4.7,Yes,Yes,85,65,11,3,3246
7.6,0,1,1,69,3.9,No,No,55,69,19,1,9530
6.8,0,1,0,63,3.6,No,No,55,67,17,1,8803
8.3,2,3,2,90,4.8,Yes,Yes,71,84,11,3,669
7.3,0,1,0,64,3.7,No,No,62,72,4,1,2771
8.4,1,1,1,73,4.5,No,No,63,60,18,2,4033
8.3,2,3,2,88,4.8,Yes,Yes,68,82,12,3,5407
7.4,1,2,2,84,4.2,Yes,Yes,55,86,26,2,6342
7.5,1,1,1,74,4.0,No,No,55,70,26,2,1531
6.6,0,2,1,67,4.2,No,Yes,55,66,14,1,7924
8.2,0,3,0,86,4.5,Yes,Yes,90,81,12,4,4023
8.5,2,3,0,85,4.7,Yes,Yes,73,85,25,2,5505
8.8,2,3,0,86,4.5,Yes,Yes,70,83,18,2,1419
7.7,2,3,2,78,4.6,Yes,Yes,78,83,26,2,294
8.6,1,2,0,82,3.7,Yes,Yes,77,65,27,4,684
8.7,1,1,1,70,4.1,No,No,68,60,15,2,3718
8.3,1,3,2,77,4.0,No,Yes,76,82,9,2,8611
7.6,1,1,1,88,4.5,Yes,Yes,83,86,7,4,319
7.1,1,1,0,74,4.6,Yes,No,55,75,14,2,2958
8.3,1,2,0,65,4.1,Yes,Yes,71,62,5,4,9894
7.5,1,2,0,64,3.4,No,Yes,55,68,4,2,6532
7.3,1,2,3,85,4.3,Yes,Yes,81,87,30,2,3026
7.3,1,2,0,80,4.5,Yes,Yes,55,64,3,4,7929
8.9,1,3,1,90,4.7,Yes,Yes,72,87,16,2,4227
7.8,1,1,1,66,3.4,No,No,55,69,27,4,543
7.9,2,3,1,89,4.8,Yes,Yes,90,86,30,2,5313
8.1,1,1,1,77,4.6,Yes,Yes,73,87,21,2,2996
7.4,1,1,1,78,3.7,No,Yes,55,64,9,4,5750
7.7,1,2,0,82,4.2,Yes,Yes,84,70,6,4,9988
7.5,1,1,1,66,4.1,No,No,61,66,27,2,15
8.0,2,3,2,90,4.8,Yes,Yes,75,86,19,2,6850
8.3,1,3,0,90,4.4,Yes,Yes,83,81,29,4,9598
7.7,0,3,0,89,4.2,Yes,No,81,85,24,1,9406
6.5,0,3,0,68,4.2,Yes,No,64,62,10,4,591
8.3,0,3,2,90,4.3,Yes,Yes,77,85,29,4,3773
7.1,1,1,1,69,3.4,No,Yes,55,65,16,2,3705
8.1,1,1,0,72,4.0,No,No,85,62,10,2,2329
6.5,1,3,0,87,4.8,No,No,65,86,5,2,2359
7.5,0,1,0,68,3.4,No,No,61,59,8,1,9222
8.5,1,2,2,90,4.6,Yes,Yes,79,84,19,4,4939
6.5,1,1,1,76,4.8,Yes,No,57,79,25,2,8792
8.6,1,3,0,82,4.5,No,Yes,55,74,13,2,8856
7.8,2,1,1,87,4.4,Yes,Yes,82,79,5,2,8284
6.7,1,1,1,74,3.9,No,Yes,56,83,15,2,3828
8.1,1,2,0,86,4.8,No,Yes,82,63,22,2,7477
8.3,2,3,2,90,4.8,Yes,Yes,81,87,6,3,4112
7.6,1,1,0,83,4.3,No,Yes,57,71,20,2,2499
8.6,2,1,2,73,4.6,Yes,No,55,82,11,2,488
6.8,1,1,0,82,3.8,No,No,60,65,22,2,5937
6.8,1,1,1,85,3.9,Yes,No,71,62,19,2,4272
8.4,0,3,2,90,4.8,Yes,Yes,82,62,29,4,6969
6.6,1,1,0,72,4.2,No,No,55,61,26,2,4282
7.5,0,1,0,72,3.6,No,No,56,70,18,1,4076
7.4,1,1,0,77,4.0,No,No,71,67,16,2,5637
8.34,0,1,0,80,3.83,No,No,54,70,15,1,10001
8.1,1,3,2,89,4.6,Yes,Yes,86,80,22,4,93
8.0,1,3,3,90,4.8,Yes,Yes,67,84,15,4,6135
7.6,1,1,1,69,4.3,No,No,58,70,18,2,5980
7.6,1,1,0,84,4.2,Yes,Yes,62,64,15,2,8224
8.2,1,3,1,72,3.9,No,Yes,61,73,20,2,1902
8.5,2,3,2,90,4.8,Yes,Yes,78,83,29,3,5141
7.5,1,1,1,70,4.4,No,No,59,69,8,2,9069
7.6,1,2,1,81,3.9,No,No,74,66,22,2,5932
6.6,0,1,1,81,3.5,No,Yes,55,70,15,1,3423
7.2,1,2,0,80,4.6,No,Yes,65,58,6,2,7964
8.4,1,3,1,83,4.2,Yes,Yes,85,81,27,4,2686
7.6,0,1,2,77,4.0,Yes,Yes,55,82,6,1,3800
7.0,1,2,0,75,4.6,Yes,Yes,78,67,4,2,497
7.6,1,1,0,66,3.2,No,No,55,63,11,2,3438
8.1,2,3,2,89,4.6,Yes,Yes,73,83,11,2,4943
7.2,0,1,0,73,3.7,No,No,55,62,5,1,1881
7.92,0,3,2,91,4.33,Yes,Yes,82,76,24,4,10176
8.4,2,3,2,90,4.8,Yes,Yes,74,87,12,3,9213
8.2,1,3,2,90,4.8,Yes,Yes,77,87,10,4,4964
6.5,1,2,1,63,3.0,No,No,55,61,7,2,9938
7.6,1,1,0,73,4.2,No,No,56,66,16,2,7482
8.29,2,3,0,92,4.53,Yes,Yes,77,83,21,3,10123
7.5,1,2,0,60,3.6,No,Yes,55,67,25,2,8998
8.4,2,3,2,84,4.8,No,Yes,73,71,25,3,2234
6.7,1,2,1,81,4.5,Yes,Yes,71,83,27,4,7686
7.9,2,3,2,88,4.6,Yes,No,79,79,11,2,4266
8.5,1,2,2,79,4.3,Yes,Yes,82,84,29,4,3131
6.5,1,2,0,79,4.6,Yes,No,71,75,6,4,857
6.5,1,3,2,89,4.6,No,Yes,81,71,16,2,1278
7.3,1,1,1,71,4.4,No,Yes,69,72,10,2,7792
8.0,1,3,1,82,4.4,Yes,Yes,73,85,28,2,9232
8.0,2,3,3,86,4.8,Yes,Yes,77,82,17,2,9698
8.3,1,3,1,81,4.8,Yes,Yes,65,83,24,2,7823
7.5,1,1,1,68,3.8,No,No,56,63,14,2,3288
6.5,0,2,1,75,3.9,No,Yes,56,63,4,1,2120
7.6,1,2,1,73,4.3,Yes,Yes,76,83,12,4,6007
7.3,0,1,1,76,4.2,No,No,55,66,19,1,4098
8.4,1,2,0,85,4.4,Yes,Yes,79,86,8,4,5413
8.2,1,3,2,87,4.6,Yes,Yes,65,85,11,4,6392
7.4,1,2,0,80,4.2,Yes,Yes,83,80,5,4,1887
7.5,0,1,1,66,4.1,No,Yes,70,64,30,1,4249
7.6,1,1,1,62,4.2,No,No,80,65,12,2,1577
8.5,1,2,0,75,4.5,No,Yes,65,73,28,2,4933
7.8,1,3,2,87,4.3,Yes,Yes,73,72,21,4,1027
7.5,1,1,1,74,4.5,Yes,Yes,62,78,14,2,8519
6.7,1,2,0,86,4.4,No,No,76,73,9,4,389
6.6,1,1,0,64,3.2,Yes,Yes,55,62,4,2,3543
8.2,0,3,2,90,4.7,Yes,Yes,76,88,15,4,6812
7.4,1,2,1,64,3.5,No,No,62,69,3,2,2240
8.4,1,3,0,88,4.7,Yes,Yes,72,85,18,4,6474
7.6,1,3,2,84,4.4,Yes,Yes,82,85,8,4,1576
7.6,0,2,0,68,4.6,No,No,59,65,18,1,3724
7.4,0,1,1,67,4.5,Yes,No,55,68,18,1,4511
7.3,1,1,1,66,3.8,No,Yes,59,70,23,2,3316
7.9,1,1,1,70,3.4,No,No,62,71,22,2,4402
8.8,1,3,0,76,4.7,Yes,Yes,75,84,8,4,89
7.9,1,2,1,63,4.2,No,Yes,56,69,28,2,511
7.5,0,1,0,71,4.1,No,Yes,73,66,18,1,8030
8.6,1,3,3,88,4.6,Yes,Yes,79,85,11,4,9043
8.5,2,3,2,90,4.8,Yes,Yes,77,88,25,3,8485
8.1,1,3,2,90,4.8,Yes,Yes,78,86,13,4,5827
7.6,1,1,0,63,4.3,Yes,No,59,60,21,2,5492
6.9,1,3,0,81,4.6,Yes,Yes,62,76,11,4,7800
7.9,1,2,2,83,4.8,Yes,Yes,77,85,5,4,8526
8.0,1,1,0,81,4.2,Yes,Yes,72,70,16,2,5858
7.5,1,1,0,71,3.7,Yes,Yes,69,84,26,2,4699
7.7,1,1,1,69,3.9,Yes,Yes,55,71,14,2,9148
6.5,1,1,1,68,4.6,No,No,58,63,10,2,2928
8.3,1,3,1,79,4.3,Yes,Yes,55,84,28,2,8975
8.3,2,3,2,90,4.7,Yes,Yes,79,73,14,3,9980
8.0,2,1,1,82,4.2,Yes,No,83,67,10,2,4175
8.3,2,3,2,90,4.8,Yes,Yes,80,86,7,3,5609
8.0,1,3,0,75,4.3,No,No,57,66,5,2,417
8.4,1,3,0,87,4.3,Yes,Yes,59,81,21,2,2847
6.5,1,3,1,70,4.1,No,No,59,62,3,2,6963
7.5,1,1,0,75,3.6,No,No,55,62,22,2,8334
7.6,1,2,2,79,4.2,Yes,Yes,59,67,17,4,3950
6.5,1,2,1,80,4.8,No,No,83,65,6,2,3025
8.5,1,1,2,77,4.3,Yes,Yes,80,81,14,4,5392
6.8,0,1,1,67,3.5,No,No,59,62,4,1,9393
7.6,1,2,0,84,4.4,Yes,Yes,72,86,9,4,6793
8.3,2,3,2,84,4.0,Yes,Yes,78,86,29,2,4900
6.5,0,1,0,75,3.9,No,No,55,60,23,1,9690
6.9,0,1,0,90,4.5,Yes,Yes,81,80,12,4,400
8.0,1,2,0,76,4.4,Yes,Yes,61,70,21,4,4367
8.0,2,2,2,85,4.7,Yes,Yes,75,84,19,2,7183
7.6,1,2,0,79,4.1,No,Yes,69,65,16,4,7911
6.5,1,1,0,79,3.8,No,Yes,55,72,19,4,9398
8.4,1,1,0,90,4.7,Yes,Yes,83,85,10,4,3536
7.5,1,2,1,74,4.2,Yes,No,76,80,16,2,6540
8.4,1,3,0,90,4.8,Yes,No,75,82,28,4,8923
8.1,0,1,0,68,4.2,No,No,55,59,13,1,2770
7.5,2,1,2,80,4.0,No,No,76,75,21,2,1069
7.3,1,1,1,68,4.7,No,Yes,68,58,16,2,8110
7.8,2,3,2,84,4.4,Yes,No,87,80,7,2,4722
8.5,2,3,2,82,4.4,Yes,Yes,76,65,12,3,8407
8.4,2,3,2,90,4.8,Yes,Yes,79,88,8,3,1570
7.6,1,1,1,73,3.9,No,No,65,70,13,2,9020
8.3,1,2,2,88,4.6,Yes,Yes,85,88,8,4,3915
8.5,1,1,2,88,4.5,Yes,Yes,76,79,22,4,8375
8.2,0,3,0,86,4.3,Yes,No,78,72,13,4,1742
7.4,1,2,1,71,4.8,No,Yes,63,69,20,2,583
8.9,1,3,0,84,4.5,Yes,Yes,72,84,6,4,3315
7.8,1,3,2,84,4.6,Yes,Yes,89,65,25,4,3880
7.6,2,3,2,77,4.8,Yes,Yes,79,77,30,2,7200
7.4,1,1,0,88,4.0,No,Yes,56,66,17,2,8424
8.5,2,3,2,90,4.8,Yes,Yes,83,82,3,3,1794
8.7,1,3,2,90,4.7,Yes,Yes,81,80,27,4,361
8.1,0,3,2,87,4.2,Yes,Yes,67,84,9,4,5157
6.5,2,3,1,82,4.6,Yes,No,83,63,20,2,292
8.4,2,1,1,78,3.9,Yes,Yes,57,62,25,2,4529
7.3,1,1,0,80,4.7,No,Yes,64,65,3,2,102
7.7,0,2,0,85,4.0,No,Yes,55,64,18,4,8937
6.5,1,1,0,69,3.7,No,Yes,79,67,17,2,9860
6.7,0,1,0,63,3.4,No,No,69,69,12,1,6792
8.4,1,1,0,80,4.6,Yes,Yes,77,82,13,2,3662
7.5,0,1,2,78,4.5,Yes,Yes,76,67,18,1,4138
8.4,1,3,0,90,4.5,Yes,Yes,59,82,12,4,5139
7.9,0,1,0,79,4.5,No,No,62,69,24,4,3680
7.6,1,1,1,76,4.0,No,Yes,83,68,27,2,6189
7.7,1,1,1,80,4.1,Yes,No,55,69,11,2,4380
6.5,1,3,0,77,4.4,No,No,55,70,18,2,6433
7.7,1,1,1,82,4.6,Yes,Yes,66,82,28,2,2037
8.3,2,2,2,75,3.8,No,Yes,71,66,5,2,7925
8.4,0,2,1,70,4.0,Yes,No,75,64,15,1,6546
7.5,0,1,0,68,4.1,No,No,57,58,5,1,7977
8.4,1,3,2,85,4.8,Yes,Yes,76,82,16,4,2524
8.5,1,3,2,86,4.7,Yes,Yes,73,83,24,4,7475
8.4,1,3,2,90,4.8,Yes,Yes,85,88,3,4,2543
6.5,1,3,1,68,4.0,Yes,Yes,86,71,11,2,564
7.4,1,1,0,72,4.3,No,No,64,63,11,2,6687
8.3,1,3,2,90,4.6,Yes,Yes,85,84,24,4,6605
8.0,2,3,2,89,4.8,Yes,Yes,76,87,17,2,3530
8.8,0,3,0,90,4.1,Yes,Yes,73,85,12,4,1579
8.1,2,3,2,87,4.4,Yes,Yes,86,83,13,3,719
6.6,1,2,1,72,4.1,No,No,55,75,8,2,64
7.5,1,3,2,72,4.5,Yes,Yes,65,86,28,2,8243
8.1,2,2,0,83,4.4,No,No,74,82,20,2,4994
8.7,1,2,2,86,4.8,Yes,Yes,89,85,16,4,6635
7.6,1,2,0,75,4.8,No,No,61,69,10,2,1394
8.2,2,3,2,90,4.7,Yes,Yes,83,78,24,3,2841
8.3,1,3,2,90,4.8,Yes,Yes,88,73,19,4,8770
8.4,0,1,0,77,3.5,No,Yes,55,63,30,1,5991
7.7,1,3,3,79,3.6,Yes,Yes,71,83,25,2,6998
8.5,1,3,0,88,4.6,No,Yes,70,84,5,4,9234
7.5,1,1,1,88,4.8,No,Yes,56,66,20,4,2151
7.4,1,2,0,77,3.8,No,Yes,59,63,14,2,246
6.7,1,1,1,76,4.6,No,No,62,68,15,2,2345
8.2,0,1,1,67,4.2,Yes,Yes,74,66,24,1,6829
8.0,1,3,0,86,4.2,Yes,Yes,73,88,18,4,7761
8.2,1,2,0,69,3.9,Yes,Yes,68,63,26,2,4619
8.3,2,3,2,89,4.7,Yes,Yes,84,82,20,3,3446
6.5,0,1,0,72,4.6,No,No,79,58,14,1,2677
8.6,1,3,2,81,4.8,Yes,Yes,71,82,6,4,334
7.4,1,2,0,75,3.9,No,Yes,69,70,5,4,8822
8.1,1,3,2,72,4.8,No,No,83,77,30,2,3934
7.5,1,1,0,69,3.7,No,Yes,55,70,17,2,3995
6.8,1,1,1,67,4.1,No,No,59,66,12,2,4626
6.5,1,3,0,80,3.7,No,No,59,66,8,2,264
7.9,1,1,1,79,4.0,No,No,55,61,26,2,4476
7.5,1,2,2,79,4.2,Yes,Yes,75,62,16,4,3820
8.4,2,3,2,88,4.8,Yes,Yes,84,87,17,3,8895
7.6,0,1,1,70,4.0,No,No,69,69,9,1,624
8.4,2,3,2,90,4.5,Yes,Yes,75,80,19,3,7383
8.0,2,1,2,80,4.6,Yes,No,77,61,20,2,8406
7.5,1,1,1,68,4.3,No,No,55,67,8,2,5222
7.9,0,1,0,70,3.7,No,Yes,62,65,9,1,1502
7.6,2,2,2,86,4.2,Yes,Yes,73,83,13,2,9659
8.2,1,1,2,75,4.3,No,Yes,70,85,27,4,9281
8.32,1,1,0,71,4.51,No,Yes,68,88,17,2,10058
6.4,0,3,0,81,4.17,No,Yes,84,69,24,1,10200
8.0,2,3,1,87,4.2,Yes,Yes,75,81,18,2,368
6.5,1,1,1,62,3.5,No,No,55,73,22,2,7250
6.73,1,1,0,75,3.68,No,No,62,76,9,2,10125
7.3,1,2,1,73,4.0,No,No,56,75,17,2,8426
8.1,2,3,2,90,4.7,Yes,Yes,78,82,10,3,961
7.6,1,3,2,90,4.5,Yes,No,87,71,28,4,7817
6.6,1,1,1,80,3.5,No,No,70,72,17,2,4818
8.2,1,3,0,90,4.1,No,Yes,76,74,23,4,9465
7.3,0,2,0,79,3.8,No,Yes,83,81,5,1,3456
7.7,1,2,0,80,3.5,Yes,Yes,79,84,19,2,7613
8.1,2,3,1,79,3.9,Yes,Yes,82,80,3,3,6106
8.3,2,3,2,84,4.8,Yes,Yes,82,85,23,3,4218
8.0,1,1,0,75,3.6,Yes,Yes,78,83,19,4,6301
6.8,1,2,0,69,3.7,No,Yes,57,71,8,2,4512
7.3,0,2,0,83,4.2,No,Yes,71,66,21,1,6370
6.7,1,1,1,67,4.2,No,No,72,73,14,2,4897
6.2,0,1,0,61,4.48,No,No,59,70,31,1,10062
8.1,1,3,1,90,4.6,Yes,Yes,73,86,24,4,77
8.4,1,3,2,90,4.8,Yes,Yes,79,87,14,4,7607
8.2,2,3,2,89,4.0,Yes,No,77,82,21,3,7106
8.4,0,3,0,83,4.0,Yes,No,77,66,17,1,8626
7.5,2,1,1,78,4.3,No,Yes,55,71,28,2,8252
8.2,0,1,2,81,4.2,Yes,Yes,69,67,24,1,5711
7.4,1,1,0,62,3.6,No,No,57,72,24,2,8594
7.6,0,1,0,86,4.2,No,Yes,55,70,20,1,4598
8.1,0,1,2,77,4.6,Yes,Yes,76,88,21,4,9175
8.3,1,3,2,88,4.4,Yes,Yes,79,85,28,4,1559
6.5,0,1,0,89,4.6,Yes,No,62,77,13,1,1826
7.5,0,1,1,71,4.5,No,Yes,55,67,14,1,6251
8.1,2,3,2,87,4.6,Yes,Yes,85,80,17,3,736
7.5,1,1,2,85,4.4,Yes,Yes,81,80,23,4,4
8.3,1,3,0,84,4.6,Yes,Yes,72,83,27,2,648
8.6,1,3,0,88,4.8,Yes,Yes,89,82,6,2,1433
8.3,1,3,2,90,4.8,Yes,Yes,83,83,23,4,5994
8.8,1,2,2,90,4.8,Yes,No,75,88,19,4,291
7.5,1,2,1,72,4.5,Yes,Yes,78,81,6,2,5533
8.9,1,1,0,70,4.7,Yes,Yes,76,82,6,2,1517
6.5,1,2,0,77,4.2,No,No,55,59,18,2,8843
7.4,1,1,1,80,4.3,No,No,84,67,13,2,1254
7.6,2,3,2,90,4.7,Yes,Yes,89,82,14,2,6714
6.9,1,1,0,71,4.5,No,Yes,55,63,12,2,1150
8.3,1,1,0,83,4.0,No,Yes,65,66,13,2,8048
7.5,0,3,0,88,4.4,Yes,Yes,67,86,27,1,6480
7.5,1,2,1,76,3.8,No,Yes,55,75,27,2,5630
8.7,2,3,2,90,4.8,Yes,Yes,87,88,17,3,2111
8.4,2,3,1,88,4.6,Yes,Yes,74,82,17,2,136
8.6,0,3,1,87,4.6,Yes,Yes,72,85,21,1,6443
8.1,2,3,2,90,4.8,Yes,Yes,84,87,13,3,7945
7.7,1,3,2,90,4.8,Yes,Yes,79,88,15,4,1248
7.6,1,3,1,82,4.5,Yes,Yes,84,80,30,4,4242
8.3,2,3,2,90,4.8,Yes,No,75,80,17,3,8016
7.9,0,2,0,82,4.2,Yes,Yes,75,60,10,4,9172
7.2,0,2,0,82,3.9,Yes,No,69,64,17,4,4337
8.0,0,1,0,70,3.6,No,No,56,63,5,1,2493
7.9,0,3,2,83,4.8,Yes,Yes,73,79,6,4,8050
7.6,1,1,0,76,4.6,No,Yes,59,62,14,2,4353
7.5,1,3,3,68,4.1,Yes,Yes,67,71,27,2,2824
7.9,0,3,1,81,4.6,No,No,66,70,29,1,8702
6.5,0,1,0,69,4.0,No,No,61,65,27,1,1632
7.9,2,3,2,87,4.5,No,Yes,74,67,28,2,959
7.2,1,3,2,84,4.4,Yes,Yes,88,85,29,2,7920
7.9,2,3,2,80,4.4,Yes,Yes,84,81,7,2,5835
7.8,2,3,1,79,3.9,Yes,Yes,82,64,11,2,4732
6.6,1,3,2,85,4.7,Yes,Yes,77,84,27,4,5166
7.4,1,1,0,72,3.6,No,No,55,71,25,2,8414
6.5,0,2,0,80,4.6,Yes,Yes,62,86,17,4,331
8.5,1,3,0,90,4.5,Yes,Yes,74,83,9,4,7584
8.2,2,3,2,90,4.8,Yes,Yes,70,84,24,3,5228
6.8,1,1,0,69,3.3,No,No,63,63,16,2,6840
7.5,1,2,1,79,4.5,No,Yes,64,68,4,2,8907
8.0,1,2,2,73,4.4,No,No,83,61,21,2,3124
8.1,2,3,1,80,4.8,Yes,Yes,83,79,6,3,3888
8.5,2,3,2,90,4.8,Yes,Yes,68,87,21,3,3502
6.5,1,2,0,70,4.0,No,Yes,68,66,25,2,6879
7.4,0,2,1,73,3.8,No,No,58,70,18,1,382
8.3,0,3,2,87,4.7,Yes,Yes,77,83,11,4,4374
7.7,0,2,3,77,4.8,Yes,Yes,67,80,10,1,4027
7.9,1,1,0,90,4.1,No,Yes,60,69,23,4,9180
8.4,2,3,2,90,4.7,Yes,Yes,76,84,18,3,705
7.3,2,2,1,85,4.8,No,No,56,69,25,2,2589
7.7,1,1,0,79,4.3,Yes,Yes,85,71,17,2,4864
7.5,0,2,0,72,4.3,No,No,56,71,29,1,6410
8.2,1,3,2,82,4.3,Yes,Yes,69,81,27,2,3920
7.5,1,2,1,67,3.3,No,Yes,55,67,27,2,2288
8.4,2,3,0,74,4.3,Yes,Yes,74,84,13,2,3211
6.6,1,1,0,69,4.2,Yes,Yes,55,69,21,2,2341
8.2,2,3,1,85,4.6,No,Yes,78,66,19,3,2883
7.6,1,1,1,74,4.4,Yes,No,55,83,30,2,5269
6.5,0,1,1,68,3.5,No,Yes,62,69,15,1,7904
6.5,1,2,1,61,3.9,No,Yes,55,66,28,2,9012
8.1,1,2,2,83,4.5,No,Yes,77,82,9,2,3147
8.1,2,3,2,90,4.8,Yes,Yes,72,83,12,3,4735
8.5,2,2,2,88,4.8,Yes,Yes,76,84,30,3,9785
7.5,1,2,0,75,3.9,No,No,56,66,14,2,2523
6.7,1,1,0,70,3.9,No,Yes,56,67,9,2,5295
7.6,2,3,2,87,4.3,Yes,Yes,76,82,18,2,8314
8.3,2,2,0,81,4.0,Yes,No,75,82,23,3,4490
7.9,1,3,1,81,4.5,No,Yes,75,73,12,4,4915
8.5,1,3,2,75,4.1,Yes,Yes,76,77,14,4,3434
8.4,1,3,2,68,3.6,Yes,Yes,72,61,18,4,795
7.4,1,1,1,71,4.3,No,Yes,55,73,13,2,5415
7.3,0,1,0,70,4.4,Yes,No,67,67,18,1,7024
6.8,1,2,0,78,4.3,Yes,Yes,75,71,19,4,5530
8.6,1,2,0,80,4.2,No,No,55,68,7,2,2816
7.3,0,1,1,70,3.9,No,No,55,71,10,1,7653
6.8,1,1,0,72,4.2,No,Yes,60,68,18,2,7306
7.8,2,3,2,87,4.5,Yes,No,84,81,29,2,9193
8.2,2,2,0,72,4.8,No,Yes,72,64,24,2,2593
7.3,1,1,0,60,4.5,No,No,58,60,4,2,9963
8.5,1,3,2,90,4.8,Yes,Yes,88,87,15,2,4743
6.5,0,1,0,61,3.7,No,No,55,75,10,1,3542
7.1,0,1,1,69,4.8,No,No,65,66,18,1,2778
8.0,2,3,0,90,4.8,Yes,Yes,80,69,19,2,8604
6.8,1,1,0,85,4.3,No,Yes,77,75,13,2,1077
7.5,1,2,1,78,4.4,Yes,Yes,64,74,14,2,1209
6.5,1,1,1,71,4.3,No,Yes,55,73,10,2,9374
8.3,2,1,1,77,4.1,Yes,Yes,72,68,22,2,6171
8.8,1,3,2,90,4.8,Yes,Yes,85,81,30,4,4293
8.0,2,3,2,90,4.6,Yes,Yes,77,84,8,2,5740
8.6,1,3,0,85,4.2,Yes,Yes,68,83,5,4,3687
7.7,1,3,2,90,4.5,No,Yes,72,88,16,4,6179
8.4,2,3,0,85,4.2,Yes,Yes,60,86,18,2,1157
8.4,1,2,1,74,4.3,Yes,Yes,59,80,4,4,145
6.5,2,3,0,85,4.0,No,No,55,73,3,2,1191
6.7,1,1,1,76,3.9,No,No,62,65,23,2,5130
8.2,2,3,2,90,4.7,Yes,No,81,87,27,3,7728
7.2,1,2,2,75,4.2,No,Yes,65,69,22,2,7397
8.1,1,2,1,77,4.4,No,Yes,55,68,29,2,7075
8.4,1,3,2,90,4.8,Yes,Yes,85,68,9,4,3747
8.0,1,3,2,90,4.8,Yes,Yes,77,88,15,4,7782
6.5,1,2,2,76,4.8,No,Yes,81,85,7,2,8749
7.6,0,1,0,66,3.5,No,No,55,67,26,1,759
7.6,1,1,0,72,3.8,No,No,72,67,10,2,9377
6.8,1,1,0,79,4.3,No,Yes,56,70,11,4,7919
8.4,0,1,0,80,4.5,No,No,77,72,7,4,1471
8.2,1,3,2,90,4.8,Yes,Yes,66,84,30,4,8878
8.5,2,3,2,90,4.8,Yes,Yes,81,80,27,3,3471
7.8,1,3,2,78,4.8,Yes,No,84,66,4,2,7400
8.2,1,3,2,70,4.6,Yes,Yes,70,88,10,4,9908
7.4,1,2,1,73,4.5,No,No,56,69,12,2,2361
8.0,1,1,0,81,4.6,Yes,Yes,85,87,29,2,3442
8.5,1,2,3,80,4.3,Yes,Yes,55,86,26,2,6461
6.6,1,1,0,63,3.8,No,No,59,63,28,2,7021
7.1,1,1,0,70,4.1,Yes,Yes,56,65,22,2,2125
7.4,1,1,0,77,3.6,No,No,55,65,11,2,2376
7.7,1,1,2,80,4.5,Yes,Yes,81,83,3,2,6232
6.8,1,2,1,71,4.7,Yes,Yes,55,58,18,2,5472
7.5,1,1,2,78,4.4,No,Yes,76,74,14,2,2674
8.1,0,2,0,73,4.7,Yes,Yes,78,67,4,1,8682
8.7,1,1,0,83,4.3,No,No,66,70,9,4,3283
7.6,0,1,0,83,3.2,No,No,55,65,16,1,2407
8.6,1,1,0,87,4.8,Yes,Yes,69,82,24,4,4092
8.2,2,3,2,90,4.8,Yes,Yes,76,78,28,3,3768
8.1,2,3,2,90,4.8,Yes,Yes,86,87,25,3,4300
8.5,1,2,0,87,4.0,Yes,Yes,78,70,26,4,7878
8.2,0,3,1,90,3.8,Yes,Yes,76,77,28,1,9971
8.2,2,3,3,81,4.8,Yes,Yes,82,80,17,3,4368
7.5,1,1,1,65,4.4,No,No,61,79,19,2,1
9.08,2,3,2,98,4.58,Yes,Yes,85,86,12,3,10124
8.0,2,1,0,83,4.4,No,Yes,75,73,23,2,1176
8.3,1,3,1,84,4.6,Yes,Yes,75,82,22,2,544
7.9,1,3,1,76,4.3,No,No,62,65,8,2,4958
7.5,2,1,0,83,4.6,Yes,No,58,81,15,2,350
7.6,1,2,0,85,4.6,No,Yes,78,73,9,2,2261
7.4,1,2,0,67,3.3,No,No,56,60,28,2,1607
8.7,2,3,2,90,4.4,Yes,Yes,69,85,26,3,3694
7.9,1,1,2,87,4.2,No,Yes,80,75,15,2,8170
7.4,1,1,0,81,3.9,No,Yes,62,69,20,2,6115
6.5,1,1,1,78,4.1,No,Yes,55,62,12,2,458
7.7,1,2,3,78,4.2,Yes,Yes,71,84,27,2,4129
6.5,0,2,0,76,3.6,No,Yes,55,66,16,1,2292
8.3,0,2,2,76,4.1,Yes,Yes,76,85,13,4,3835
7.0,1,2,2,90,4.5,Yes,Yes,55,82,22,4,4686
7.9,1,1,0,80,4.4,Yes,Yes,74,86,18,2,5791
7.7,1,2,2,61,3.8,Yes,Yes,72,61,16,2,5573
7.7,0,2,1,64,4.4,Yes,Yes,71,70,6,1,9948
6.5,1,1,1,72,3.8,No,No,64,67,24,2,132
7.4,1,2,1,74,3.9,No,Yes,76,74,21,2,4976
8.3,1,3,1,76,4.6,Yes,No,84,85,27,2,4111
7.4,1,2,2,78,4.7,No,Yes,70,70,24,4,5768
6.8,0,1,0,71,3.3,No,No,57,59,11,4,5408
6.5,1,2,1,82,3.4,Yes,No,72,68,23,2,4130
7.6,1,1,1,70,3.8,No,Yes,57,67,16,2,9546
8.4,0,0,2,90,4.8,Yes,Yes,81,84,17,4,5406
7.5,0,2,0,81,4.1,Yes,Yes,74,66,30,1,3785
7.0,0,1,0,69,4.4,Yes,Yes,71,72,15,4,8723
7.9,1,2,0,68,3.6,No,Yes,65,61,21,2,8569
7.4,0,2,0,69,4.2,No,Yes,59,62,20,1,7181
7.7,1,1,0,70,4.3,No,Yes,78,72,20,2,1091
6.8,1,2,2,70,4.0,Yes,Yes,62,69,18,2,4809
8.3,2,3,2,90,4.3,Yes,Yes,75,82,6,2,8372
7.7,0,3,1,80,4.3,No,No,55,71,22,1,593
6.5,2,1,2,85,4.7,No,Yes,66,85,25,2,7056
7.6,0,2,2,82,4.7,Yes,No,80,71,13,4,1733
8.1,1,3,2,78,4.7,Yes,Yes,75,88,8,2,2890
8.4,1,3,2,90,4.8,Yes,Yes,70,84,26,2,851
7.1,1,3,2,72,3.8,Yes,No,57,62,22,2,6667
7.8,1,1,1,72,4.3,No,Yes,62,70,20,2,1057
8.6,1,3,0,81,4.8,Yes,Yes,79,71,27,4,796
7.3,1,1,2,79,4.4,No,Yes,60,71,7,2,9474
7.05,0,1,0,78,3.89,No,No,54,69,20,1,10108
8.8,2,3,2,90,4.7,Yes,Yes,86,81,25,3,5983
7.5,1,3,2,78,4.8,No,Yes,68,69,19,2,9007
7.4,1,1,0,80,4.1,No,Yes,75,68,12,2,4906
8.6,2,3,2,90,4.8,Yes,Yes,71,81,9,3,3065
6.8,1,2,0,71,4.3,Yes,Yes,60,59,19,2,5275
7.6,1,1,0,84,3.7,No,No,56,70,18,2,7013
7.8,1,3,0,75,4.2,Yes,Yes,82,82,26,4,8122
8.4,1,2,1,87,4.7,No,Yes,76,67,21,2,4909
6.5,1,1,0,74,4.2,No,Yes,55,78,15,2,5655
7.3,0,3,0,70,4.3,No,No,55,70,22,4,6880
7.5,1,1,1,70,3.3,No,No,59,58,8,2,8743
8.86,2,3,3,76,4.04,Yes,Yes,80,87,11,3,10117
7.9,0,2,1,76,4.7,Yes,Yes,82,82,25,1,4908
7.8,2,3,0,84,4.86,Yes,Yes,91,89,28,3,10073
8.0,1,3,2,87,4.8,Yes,Yes,70,85,18,2,6110
8.2,2,3,2,80,4.8,Yes,Yes,79,84,17,3,266
7.9,1,3,0,82,4.5,Yes,Yes,76,72,24,2,5147
7.12,1,2,0,75,3.63,No,Yes,59,64,26,2,10027
7.6,2,3,0,78,4.8,Yes,Yes,74,87,19,2,2860
8.8,2,3,2,90,4.8,Yes,Yes,84,80,21,3,3101
8.6,1,1,0,81,4.3,Yes,Yes,55,63,13,2,6152
7.1,1,3,1,74,4.3,No,Yes,72,81,6,4,8541
7.5,1,3,2,78,4.7,Yes,Yes,79,81,5,2,5115
8.49,2,2,0,74,4.99,No,Yes,68,58,24,2,10060
8.5,0,3,2,90,4.6,Yes,Yes,74,87,7,4,7948
8.5,1,2,2,81,3.8,Yes,Yes,78,85,29,2,7837
7.5,1,2,1,85,4.1,No,Yes,71,84,9,2,317
7.9,1,1,1,62,3.9,No,No,62,57,27,2,6795
8.6,2,3,2,90,4.6,Yes,Yes,69,86,8,2,1784
7.7,1,3,1,82,4.5,Yes,Yes,68,79,10,2,8355
8.3,1,3,2,81,4.7,Yes,Yes,76,86,13,2,5352
6.8,1,1,0,77,4.2,Yes,Yes,64,64,26,2,9013
8.0,1,3,2,90,4.7,Yes,Yes,76,88,20,4,5897
8.3,1,3,1,73,4.7,Yes,No,71,65,11,2,5647
7.2,1,1,1,69,3.7,No,No,65,70,15,2,4608
8.2,0,1,2,77,4.3,No,No,68,68,29,1,4627
8.5,1,2,3,90,4.8,No,Yes,70,72,7,2,2237
7.5,2,3,3,86,4.1,Yes,Yes,69,86,13,2,7175
7.6,1,3,0,69,3.9,Yes,Yes,74,72,10,4,4846
7.5,1,3,0,79,4.4,Yes,No,65,64,5,4,3678
8.6,1,3,1,85,4.6,Yes,Yes,71,84,9,4,2699
8.0,1,3,2,84,4.7,Yes,Yes,90,86,29,4,2338
7.5,2,1,1,76,4.2,Yes,Yes,57,80,3,2,104
7.54,0,3,2,72,5.04,Yes,No,76,77,5,4,10138
8.2,1,1,0,71,3.8,No,No,67,62,12,2,1898
7.5,1,1,0,82,3.6,No,Yes,66,65,25,2,3762
7.8,1,2,1,68,3.9,No,No,61,63,20,2,7336
7.6,1,3,1,71,4.8,Yes,Yes,55,74,19,2,6637
8.6,2,3,2,89,4.8,Yes,Yes,86,86,26,3,7104
7.9,2,2,2,90,4.8,Yes,Yes,72,77,4,2,4188
8.1,2,3,2,68,4.5,Yes,Yes,76,85,15,2,8910
8.5,2,3,2,88,4.8,Yes,Yes,83,85,18,3,1719
6.8,1,1,1,67,4.4,No,No,68,65,24,2,9344
7.5,0,3,0,83,3.8,Yes,Yes,75,65,28,4,8137
7.5,0,1,0,65,3.9,No,No,55,65,17,1,7406
7.7,1,3,2,74,4.5,Yes,Yes,55,64,10,2,9347
8.7,1,3,3,89,4.8,Yes,Yes,74,83,29,2,5324
7.6,1,2,0,76,4.0,No,Yes,55,67,5,2,9904
7.7,2,2,2,90,4.7,Yes,Yes,70,86,30,2,9636
8.3,1,3,2,87,4.4,Yes,Yes,76,83,27,4,2803
8.5,2,3,2,90,4.8,Yes,Yes,85,84,13,3,6477
7.4,1,1,1,73,4.8,Yes,Yes,61,69,5,2,7732
7.5,0,1,1,75,4.3,No,No,80,82,4,1,8268
7.7,1,2,1,70,4.0,Yes,Yes,55,67,25,2,5803
7.7,1,1,2,82,4.4,No,No,55,70,24,2,287
8.2,0,3,2,87,4.8,Yes,Yes,73,87,27,4,1200
7.94,1,1,0,74,3.81,No,Yes,55,57,7,2,10018
8.5,1,3,0,85,4.8,Yes,Yes,79,81,20,4,5795
8.2,1,2,1,90,4.7,Yes,Yes,81,70,7,2,9773
6.5,2,1,2,80,4.6,Yes,No,57,66,22,2,4611
7.3,2,3,2,78,4.7,No,Yes,70,88,21,2,8993
8.5,1,3,2,90,4.8,Yes,Yes,75,86,14,2,5560
8.6,1,3,0,82,4.8,Yes,Yes,87,68,7,2,1922
6.5,1,1,0,84,3.9,No,Yes,75,71,3,2,9
8.0,2,3,2,90,4.7,Yes,Yes,76,84,30,2,8448
7.8,1,2,2,90,4.8,Yes,Yes,77,85,22,4,9506
8.5,2,2,2,89,4.6,Yes,Yes,55,84,18,3,2413
7.7,1,2,1,69,3.3,Yes,Yes,68,68,5,2,8732
8.0,1,3,1,83,4.7,Yes,Yes,77,83,22,2,2185
7.4,1,2,2,78,4.4,Yes,Yes,82,68,8,2,6693
7.4,2,2,0,81,4.7,Yes,Yes,74,65,27,2,3252
8.1,2,3,2,90,4.4,Yes,Yes,70,88,8,2,568
8.2,1,3,2,90,4.6,Yes,Yes,74,85,17,4,3843
7.6,1,2,0,74,4.1,No,Yes,67,69,6,2,7560
7.7,1,1,2,76,4.7,Yes,No,71,65,3,2,8669
7.9,0,1,1,74,4.4,No,No,59,65,19,1,1863
8.3,0,3,0,88,4.7,Yes,Yes,73,74,23,4,5423
7.3,2,3,2,90,4.5,Yes,Yes,79,84,15,2,5938
8.4,1,3,2,90,4.8,Yes,Yes,81,88,12,2,9196
7.7,1,1,1,78,4.8,No,No,65,72,14,2,7841
8.2,1,3,1,80,4.8,Yes,Yes,72,82,18,4,4697
7.8,0,1,1,69,4.2,No,No,57,71,17,1,783
7.5,0,1,0,64,4.4,No,Yes,67,69,20,1,7426
7.5,1,1,0,71,4.1,No,Yes,66,74,5,2,8288
6.5,1,1,1,62,3.9,No,No,57,70,9,2,9741
6.8,1,2,0,80,3.8,No,Yes,77,80,29,4,3185
8.1,2,2,2,82,4.7,Yes,Yes,69,82,7,2,1181
7.5,1,2,1,78,4.7,No,No,55,66,20,2,8887
8.1,2,1,3,86,4.7,Yes,No,78,83,6,3,1618
7.5,0,3,0,78,4.7,No,No,55,70,11,1,2418
6.6,0,2,1,79,4.2,Yes,Yes,71,84,15,1,9486
8.4,1,3,0,73,4.7,Yes,Yes,72,73,6,2,8972
6.5,1,1,0,82,4.6,Yes,Yes,67,71,15,2,8529
7.5,1,2,0,80,3.9,No,Yes,61,68,13,2,3884
8.2,2,3,0,81,4.8,Yes,No,85,80,23,3,8982
7.3,1,3,0,87,4.3,No,Yes,55,86,27,4,3035
8.2,2,1,0,79,4.6,Yes,No,63,65,28,2,4956
7.8,1,2,0,83,4.8,Yes,Yes,77,68,10,4,3657
7.2,1,1,0,84,4.3,No,Yes,63,67,8,2,4478
7.5,1,3,0,80,4.0,Yes,Yes,60,62,25,2,765
7.6,0,1,0,82,3.8,No,No,80,70,23,1,9181
7.5,0,1,1,78,3.9,No,Yes,55,75,5,1,1156
8.0,2,3,2,90,4.6,Yes,Yes,73,85,19,2,9502
8.1,2,3,2,90,4.1,Yes,Yes,75,81,20,3,4231
8.3,1,2,2,89,4.8,Yes,Yes,75,81,19,4,37
7.4,1,2,1,72,4.4,Yes,Yes,61,82,4,4,9427
8.1,1,2,2,84,4.3,Yes,Yes,75,84,5,2,2834
7.4,1,3,0,81,3.7,Yes,Yes,69,74,13,2,5236
6.5,1,2,0,70,3.7,Yes,Yes,61,69,19,2,1924
7.7,0,1,0,66,3.7,No,No,55,70,30,1,5677
7.4,1,3,1,87,3.6,No,No,57,61,6,2,1113
6.6,1,1,1,68,4.1,Yes,Yes,77,69,20,2,3273
7.1,1,2,0,76,4.1,No,Yes,73,85,23,2,4024
6.6,0,2,0,64,3.3,No,Yes,57,65,25,1,5636
7.03,0,1,1,61,3.73,No,Yes,60,65,7,1,10161
7.6,1,2,0,73,4.2,No,Yes,90,87,3,2,4123
6.7,0,3,2,90,4.8,No,No,55,63,7,1,578
7.5,1,3,1,79,3.8,Yes,Yes,62,63,27,4,2040
8.0,1,1,2,75,3.7,No,Yes,72,65,5,2,5397
7.7,1,2,0,74,4.7,Yes,Yes,69,71,3,4,7380
7.4,1,3,3,84,4.6,Yes,Yes,84,76,24,4,1624
8.6,1,3,0,87,4.7,Yes,Yes,81,88,24,4,2070
7.7,1,2,0,70,3.6,No,Yes,55,62,23,2,1692
8.6,2,3,2,81,4.8,No,Yes,68,79,11,3,9194
7.7,0,2,0,80,4.3,No,Yes,75,67,10,1,2616
6.9,1,1,0,76,4.0,No,No,55,66,14,4,5883
7.1,2,3,0,80,4.3,Yes,Yes,82,84,28,2,3650
8.6,2,3,2,90,4.3,Yes,No,78,79,21,3,1189
8.3,1,2,1,82,4.7,Yes,Yes,77,84,24,2,211
8.1,0,3,2,89,4.8,Yes,Yes,72,85,16,4,3430
7.8,1,2,2,90,4.8,Yes,Yes,81,80,13,4,6337
8.5,0,2,2,86,4.8,No,Yes,55,69,12,4,2612
8.1,2,2,0,84,4.8,Yes,Yes,76,87,20,3,2885
7.5,1,2,1,77,4.7,Yes,Yes,86,88,20,4,8405
7.9,1,1,1,78,4.2,No,No,55,69,16,2,2276
7.6,0,1,0,86,4.0,Yes,No,67,66,18,1,9728
7.2,1,2,0,60,4.6,No,No,58,63,13,2,8591
6.5,1,2,0,84,4.7,No,Yes,61,68,11,2,1804
7.5,1,1,0,79,4.5,No,No,56,74,5,2,638
7.0,1,1,0,62,4.3,No,Yes,59,67,12,2,48
6.7,0,2,0,73,4.5,No,Yes,60,58,14,1,9594
8.2,1,3,3,88,4.8,No,Yes,82,69,28,4,6001
7.5,1,2,0,81,4.4,Yes,Yes,69,82,24,2,1741
8.4,2,3,2,90,4.8,Yes,Yes,88,80,26,3,2179
8.4,2,3,2,87,4.8,Yes,Yes,83,88,27,3,3938
8.4,1,3,2,70,3.8,Yes,No,75,86,11,2,7572
8.1,1,2,1,77,3.8,Yes,No,70,64,8,2,4890
8.1,1,2,1,85,4.7,No,Yes,55,80,14,2,3119
7.9,2,1,0,83,4.0,Yes,Yes,63,70,26,2,150
7.18,0,2,1,77,3.97,Yes,Yes,87,79,15,1,10099
7.7,1,2,0,82,4.4,No,Yes,55,69,5,2,7225
7.7,1,3,2,90,4.3,Yes,Yes,76,83,13,4,9328
7.7,2,3,2,87,4.8,Yes,Yes,57,83,20,2,9843
7.4,1,2,2,77,4.1,No,No,55,71,29,4,6763
8.7,2,1,3,73,4.6,Yes,Yes,79,79,27,3,1112
7.5,0,1,0,72,4.3,Yes,Yes,60,61,12,1,1319
